{"theta_jc": 0.1, "theta_ca": 0.2, "theta_jb": 0.5, "theta_ba": 1.5, "T_ambient": 25, "T_j_max": 100, "core_area": 7e-06, "l1_area": 1e-06, "l2_area": 2e-06, "l3_area": 1e-06, "mc_area": 1e-05, "io_area": 2e-05, "l3_power": 0.2, "io_power": 10, "bump_pitch": 4e-05, "die_voltage_nominal": 1.2, "current_per_bump": 0.5208333333, "mc_bump_count": 288, "io_bump_count": 114, "package_layer": 6, "link_pitch": 2.5e-05, "wires_per_mc": 288, "energy_per_wire": 6.697674419e-12, "mem_freq": 4300000000.0, "mc_power_ctrl": 3, "ai_app": 100, "IPC": 3.175, "capacitance_per_core": 2.96080965e-09, "l1_capacity": 80000.0, "l2_capacity": 1250000.0, "l3_capacity": 2000000.0, "l3_hit_rate_nominal": 0.9, "l3_bw": 1000000000.0, "mc_bw": 5000000000.0, "workset_size": 50000000.0, "core_freq_min": 800000000.0, "core_freq_base_max": 3000000000.0, "core_freq_absolute_max": 10000000000.0, "core_freq_nominal": 3600000000.0, "core_count": 12, "l3_count": 12.5, "mc_count": 2, "io_count": 1, "core_freq": 3600000000.0}